[{"Level":"Elementary","District":"Subic","SchoolID":107001,"School":"Agusuhin ES"},
{"Level":"Elementary","District":"Subic","SchoolID":160516,"School":"Agusuhin ES Annex"},
{"Level":"Elementary","District":"Subic","SchoolID":160506,"School":"Aningway-Sacatihan Elem - Annex"},
{"Level":"Elementary","District":"Subic","SchoolID":107002,"School":"Aningway-Sacatihan ES"},
{"Level":"Elementary","District":"Subic","SchoolID":107003,"School":"Batiawan-I Integrated School"},
{"Level":"Elementary","District":"Subic","SchoolID":107004,"School":"Batiawan Integrated School Annex"},
{"Level":"Elementary","District":"Subic","SchoolID":307110,"School":"Batiawan Integrated School Annex"},
{"Level":"Elementary","District":"Subic","SchoolID":107005,"School":"Cabitaugan IS"},
{"Level":"Elementary","District":"Subic","SchoolID":107006,"School":"Calapacuan Elementary School"},
{"Level":"Elementary","District":"Subic","SchoolID":107007,"School":"Calapandayan ES"},
{"Level":"Elementary","District":"Subic","SchoolID":107008,"School":"Cawag ES"},
{"Level":"Elementary","District":"Subic","SchoolID":107009,"School":"Cawag Resettlement ES"},
{"Level":"Elementary","District":"Subic","SchoolID":107010,"School":"Ilwas ES"},
{"Level":"Elementary","District":"Subic","SchoolID":160513,"School":"Josephine F. Khonghun Special Education Center"},
{"Level":"Elementary","District":"Subic","SchoolID":107011,"School":"Kinabuksan ES/IS"},
{"Level":"Elementary","District":"Subic","SchoolID":107012,"School":"Mangan-Vaca ES"},
{"Level":"Elementary","District":"Subic","SchoolID":160511,"School":"Manggahan ES Annex"},
{"Level":"Elementary","District":"Subic","SchoolID":107013,"School":"Mapanao ES"},
{"Level":"Elementary","District":"Subic","SchoolID":107014,"School":"Matain ES"},
{"Level":"Elementary","District":"Subic","SchoolID":107015,"School":"Nagyantok ES"},
{"Level":"Elementary","District":"Subic","SchoolID":107016,"School":"Naugsol IS"},
{"Level":"Elementary","District":"Subic","SchoolID":107017,"School":"Pamatawan IS"},
{"Level":"Elementary","District":"Subic","SchoolID":107018,"School":"San Isidro ES"},
{"Level":"Elementary","District":"Subic","SchoolID":107019,"School":"Sto. Tomas ES"},
{"Level":"Elementary","District":"Subic","SchoolID":107020,"School":"Subic CS"},
{"Level":"Elementary","District":"Subic","SchoolID":107021,"School":"Tibag ES"},
{"Level":"Elementary","District":"Castillejos","SchoolID":106854,"School":"Balaybay ES"},
{"Level":"Elementary","District":"Castillejos","SchoolID":106855,"School":"Balaybay Resett. ES"},
{"Level":"Elementary","District":"Castillejos","SchoolID":160507,"School":"Buenavista ES"},
{"Level":"Elementary","District":"Castillejos","SchoolID":106856,"School":"Castillejos ES"},
{"Level":"Elementary","District":"Castillejos","SchoolID":106857,"School":"Del Pilar ES"},
{"Level":"Elementary","District":"Castillejos","SchoolID":106865,"School":"San Nicolas PS"},
{"Level":"Elementary","District":"Castillejos","SchoolID":106858,"School":"Kanaynayan Community School"},
{"Level":"Elementary","District":"Castillejos","SchoolID":106859,"School":"Looc ES"},
{"Level":"Elementary","District":"Castillejos","SchoolID":106860,"School":"Magsaysay ES"},
{"Level":"Elementary","District":"Castillejos","SchoolID":106861,"School":"Nagbayan ES"},
{"Level":"Elementary","District":"Castillejos","SchoolID":106862,"School":"Pres. Ramon F. Magsaysay ES"},
{"Level":"Elementary","District":"Castillejos","SchoolID":106863,"School":"San Agustin ES"},
{"Level":"Elementary","District":"Castillejos","SchoolID":106864,"School":"San Isidro ES"},
{"Level":"Elementary","District":"Castillejos","SchoolID":106866,"School":"Sta. Maria ES"},
{"Level":"Elementary","District":"Castillejos","SchoolID":106867,"School":"V. Gallardo ES"},
{"Level":"Elementary","District":"Castillejos","SchoolID":106868,"School":"Villaflor ES"},
{"Level":"Elementary","District":"Castillejos","SchoolID":160525,"School":"Hanjin Integrated School"},
{"Level":"Elementary","District":"San Marcelino","SchoolID":106942,"School":"Aglao ES"},
{"Level":"Elementary","District":"San Marcelino","SchoolID":106943,"School":"Baliwet ES"},
{"Level":"Elementary","District":"San Marcelino","SchoolID":106944,"School":"United Nation Women Aeta School (Banaba ES)"},
{"Level":"Elementary","District":"San Marcelino","SchoolID":106945,"School":"Buhawen ES"},
{"Level":"Elementary","District":"San Marcelino","SchoolID":160503,"School":"Chiang Chio Te Mem. Aeta School (Ibad PS)"},
{"Level":"Elementary","District":"San Marcelino","SchoolID":106946,"School":"Dalanawan ES"},
{"Level":"Elementary","District":"San Marcelino","SchoolID":160501,"School":"Judd Hendricks Mem. Aeta School"},
{"Level":"Elementary","District":"San Marcelino","SchoolID":106947,"School":"Laoag ES"},
{"Level":"Elementary","District":"San Marcelino","SchoolID":106948,"School":"Lawin ES"},
{"Level":"Elementary","District":"San Marcelino","SchoolID":106949,"School":"Linasin ES"},
{"Level":"Elementary","District":"San Marcelino","SchoolID":106950,"School":"Linusungan ES"},
{"Level":"Elementary","District":"San Marcelino","SchoolID":106951,"School":"Nagbunga ES"},
{"Level":"Elementary","District":"San Marcelino","SchoolID":106952,"School":"Pili ES"},
{"Level":"Elementary","District":"San Marcelino","SchoolID":106953,"School":"Rabanes ES"},
{"Level":"Elementary","District":"San Marcelino","SchoolID":106954,"School":"San Guiillermo ES"},
{"Level":"Elementary","District":"San Marcelino","SchoolID":106955,"School":"San Marcelino ES"},
{"Level":"Elementary","District":"San Marcelino","SchoolID":106956,"School":"San Rafael ES"},
{"Level":"Elementary","District":"San Marcelino","SchoolID":106957,"School":"Sta. Fe (0-It) ES"},
{"Level":"Elementary","District":"San Marcelino","SchoolID":106958,"School":"Sta. Fe ES"},
{"Level":"Elementary","District":"San Antonio","SchoolID":106920,"School":"Angel C. Manglicmot Mem. ES"},
{"Level":"Elementary","District":"San Antonio","SchoolID":106921,"School":"Dirita ES"},
{"Level":"Elementary","District":"San Antonio","SchoolID":106922,"School":"Pundakit ES"},
{"Level":"Elementary","District":"San Antonio","SchoolID":106923,"School":"San Antonio CS"},
{"Level":"Elementary","District":"San Antonio","SchoolID":106924,"School":"San Esteban ES"},
{"Level":"Elementary","District":"San Antonio","SchoolID":106925,"School":"San Gregorio ES"},
{"Level":"Elementary","District":"San Antonio","SchoolID":106926,"School":"San Juan ES"},
{"Level":"Elementary","District":"San Antonio","SchoolID":106927,"School":"San Miguel ES"},
{"Level":"Elementary","District":"San Antonio","SchoolID":106928,"School":"San Nicolas ES"},
{"Level":"Elementary","District":"San Antonio","SchoolID":106929,"School":"T.R.Yangco Memo.ES"},
{"Level":"Elementary","District":"San Antonio","SchoolID":106930,"School":"West Dirita ES"},
{"Level":"Elementary","District":"San Narciso","SchoolID":106959,"School":"Alusiis ES"},
{"Level":"Elementary","District":"San Narciso","SchoolID":106960,"School":"Beddeng-Mabangcal ES"},
{"Level":"Elementary","District":"San Narciso","SchoolID":106962,"School":"Dallipawen ES"},
{"Level":"Elementary","District":"San Narciso","SchoolID":106963,"School":"Doce-Martires ES"},
{"Level":"Elementary","District":"San Narciso","SchoolID":106964,"School":"La Paz ES"},
{"Level":"Elementary","District":"San Narciso","SchoolID":160508,"School":"Mabato PS"},
{"Level":"Elementary","District":"San Narciso","SchoolID":106965,"School":"Namatacan ES"},
{"Level":"Elementary","District":"San Narciso","SchoolID":106966,"School":"Omaya ES"},
{"Level":"Elementary","District":"San Narciso","SchoolID":106968,"School":"San Jose-Patrocinio ES"},
{"Level":"Elementary","District":"San Narciso","SchoolID":106969,"School":"San Juan-Candelaria ES"},
{"Level":"Elementary","District":"San Narciso","SchoolID":106970,"School":"San Narciso CS"},
{"Level":"Elementary","District":"San Narciso","SchoolID":106961,"School":"Consuelo ES"},
{"Level":"Elementary","District":"San Narciso","SchoolID":106971,"School":"San Pascual ES"},
{"Level":"Elementary","District":"San Narciso","SchoolID":106972,"School":"San Rafael-Natividad ES"},
{"Level":"Elementary","District":"San Narciso","SchoolID":106973,"School":"Simminublan ES"},
{"Level":"Elementary","District":"San Felipe","SchoolID":106931,"School":"Balincaguing ES"},
{"Level":"Elementary","District":"San Felipe","SchoolID":160520,"School":"Banawen PS"},
{"Level":"Elementary","District":"San Felipe","SchoolID":106932,"School":"Bobulon ES"},
{"Level":"Elementary","District":"San Felipe","SchoolID":106933,"School":"Laoag ES"},
{"Level":"Elementary","District":"San Felipe","SchoolID":106934,"School":"Maloma Community ES"},
{"Level":"Elementary","District":"San Felipe","SchoolID":106967,"School":"Paite-Balincaguing ES"},
{"Level":"Elementary","District":"San Felipe","SchoolID":106935,"School":"Sagpat ES"},
{"Level":"Elementary","District":"San Felipe","SchoolID":106936,"School":"San Felipe ES (East)"},
{"Level":"Elementary","District":"San Felipe","SchoolID":106937,"School":"San Felipe ES (West)"},
{"Level":"Elementary","District":"San Felipe","SchoolID":106938,"School":"San Rafael ES"},
{"Level":"Elementary","District":"San Felipe","SchoolID":106939,"School":"Sindol ES"},
{"Level":"Elementary","District":"San Felipe","SchoolID":106940,"School":"Sto. Nino ES"},
{"Level":"Elementary","District":"San Felipe","SchoolID":106941,"School":"Sto. Tomas ES"},
{"Level":"Elementary","District":"Cabangan","SchoolID":106823,"School":"Anonang ES"},
{"Level":"Elementary","District":"Cabangan","SchoolID":106824,"School":"Apo-Apo ES"},
{"Level":"Elementary","District":"Cabangan","SchoolID":106825,"School":"Arew ES"},
{"Level":"Elementary","District":"Cabangan","SchoolID":106826,"School":"Cabangan ES"},
{"Level":"Elementary","District":"Cabangan","SchoolID":106827,"School":"Cadmang ES"},
{"Level":"Elementary","District":"Cabangan","SchoolID":106828,"School":"Camiing ES"},
{"Level":"Elementary","District":"Cabangan","SchoolID":106829,"School":"Casa-Tondo ES"},
{"Level":"Elementary","District":"Cabangan","SchoolID":106830,"School":"Laoag ES"},
{"Level":"Elementary","District":"Cabangan","SchoolID":106831,"School":"Longos ES"},
{"Level":"Elementary","District":"Cabangan","SchoolID":106832,"School":"Reserva ES"},
{"Level":"Elementary","District":"Cabangan","SchoolID":106833,"School":"San Isidro ES"},
{"Level":"Elementary","District":"Cabangan","SchoolID":106834,"School":"San Juan ES"},
{"Level":"Elementary","District":"Cabangan","SchoolID":160509,"School":"San Juan ES Annex"},
{"Level":"Elementary","District":"Cabangan","SchoolID":106838,"School":"Sto. Nino PS"},
{"Level":"Elementary","District":"Cabangan","SchoolID":106835,"School":"San Rafael ES"},
{"Level":"Elementary","District":"Cabangan","SchoolID":106836,"School":"Sapangbato ES"},
{"Level":"Elementary","District":"Cabangan","SchoolID":106837,"School":"Sta. Rita ES"},
{"Level":"Elementary","District":"Botolan North","SchoolID":106798,"School":"Bancal ES"},
{"Level":"Elementary","District":"Botolan North","SchoolID":106800,"School":"Bihawo ES"},
{"Level":"Elementary","District":"Botolan North","SchoolID":106801,"School":"Botolan North CS"},
{"Level":"Elementary","District":"Botolan North","SchoolID":160504,"School":"Cabatuan ES"},
{"Level":"Elementary","District":"Botolan North","SchoolID":160510,"School":"Nacolcol ES"},
{"Level":"Elementary","District":"Botolan North","SchoolID":106802,"School":"Danacbunga ES"},
{"Level":"Elementary","District":"Botolan North","SchoolID":106803,"School":"Loob-Bunga I ES"},
{"Level":"Elementary","District":"Botolan North","SchoolID":106804,"School":"Loob-Bunga II ES"},
{"Level":"Elementary","District":"Botolan North","SchoolID":106805,"School":"Loob-Bunga III ES"},
{"Level":"Elementary","District":"Botolan North","SchoolID":160521,"School":"Maguisguis ES"},
{"Level":"Elementary","District":"Botolan North","SchoolID":106806,"School":"Mambog ES"},
{"Level":"Elementary","District":"Botolan North","SchoolID":160517,"School":"New Taugtog II ES"},
{"Level":"Elementary","District":"Botolan North","SchoolID":106807,"School":"New Taugtog I ES"},
{"Level":"Elementary","District":"Botolan North","SchoolID":106808,"School":"Paitan ES"},
{"Level":"Elementary","District":"Botolan North","SchoolID":106809,"School":"Parel ES"},
{"Level":"Elementary","District":"Botolan North","SchoolID":106811,"School":"San Isidro ES"},
{"Level":"Elementary","District":"Botolan North","SchoolID":106812,"School":"Santiago ES"},
{"Level":"Elementary","District":"Botolan South","SchoolID":106813,"School":"Bangan -Capayawan ES"},
{"Level":"Elementary","District":"Botolan South","SchoolID":106814,"School":"Baquilan Resettlement School I"},
{"Level":"Elementary","District":"Botolan South","SchoolID":160514,"School":"Baquilan Resettlement School II"},
{"Level":"Elementary","District":"Botolan South","SchoolID":106799,"School":"Batonlapoc ES"},
{"Level":"Elementary","District":"Botolan South","SchoolID":106815,"School":"Beneg ES"},
{"Level":"Elementary","District":"Botolan South","SchoolID":106816,"School":"Binoclutan ES"},
{"Level":"Elementary","District":"Botolan South","SchoolID":106817,"School":"Botolan South CS"},
{"Level":"Elementary","District":"Botolan South","SchoolID":106818,"School":"Bucao ES"},
{"Level":"Elementary","District":"Botolan South","SchoolID":106819,"School":"Carael ES"},
{"Level":"Elementary","District":"Botolan South","SchoolID":106820,"School":"Panan ES"},
{"Level":"Elementary","District":"Botolan South","SchoolID":106810,"School":"Paudpod ES"},
{"Level":"Elementary","District":"Botolan South","SchoolID":106821,"School":"Porac ES"},
{"Level":"Elementary","District":"Botolan South","SchoolID":106822,"School":"San Juan ES"},
{"Level":"Elementary","District":"Botolan South","SchoolID":160515,"School":"Villar ES"},
{"Level":"Elementary","District":"Botolan South","SchoolID":160524,"School":"Dojoc-Balite ES"},
{"Level":"Elementary","District":"Botolan South","SchoolID":307134,"School":"Dojoc Balite Integrated School"},
{"Level":"Elementary","District":"Botolan South","SchoolID":160523,"School":"Burgos ES"},
{"Level":"Elementary","District":"Botolan South","SchoolID":160526,"School":"Poonbato Elementary School"},
{"Level":"Elementary","District":"Iba","SchoolID":160502,"School":"ADBSA Aeta School (Jesmag Iba)"},
{"Level":"Elementary","District":"Iba","SchoolID":106869,"School":"Amungan ES"},
{"Level":"Elementary","District":"Iba","SchoolID":106870,"School":"Bangantalinga ES"},
{"Level":"Elementary","District":"Iba","SchoolID":106871,"School":"Dampay ES"},
{"Level":"Elementary","District":"Iba","SchoolID":106872,"School":"Dirita-Baloguen ES"},
{"Level":"Elementary","District":"Iba","SchoolID":160519,"School":"Dona Luisa Obieta ES"},
{"Level":"Elementary","District":"Iba","SchoolID":106873,"School":"Iba ES"},
{"Level":"Elementary","District":"Iba","SchoolID":106874,"School":"Lawak ES"},
{"Level":"Elementary","District":"Iba","SchoolID":106875,"School":"Libaba ES"},
{"Level":"Elementary","District":"Iba","SchoolID":106876,"School":"Lipay-Dingin ES"},
{"Level":"Elementary","District":"Iba","SchoolID":106877,"School":"Little Baguio ES"},
{"Level":"Elementary","District":"Iba","SchoolID":106878,"School":"Lupang Pangako Resettlement ES"},
{"Level":"Elementary","District":"Iba","SchoolID":106883,"School":"Marciano Abela ES"},
{"Level":"Elementary","District":"Iba","SchoolID":106879,"School":"Paulo Abastillas Sr. Mem. School"},
{"Level":"Elementary","District":"Iba","SchoolID":106880,"School":"San Agustin ES"},
{"Level":"Elementary","District":"Iba","SchoolID":106881,"School":"Sta. Barbara ES"},
{"Level":"Elementary","District":"Iba","SchoolID":106882,"School":"Sto. Rosario ES"},
{"Level":"Elementary","District":"Palauig","SchoolID":106902,"School":"A.P. Decano Memorial ES"},
{"Level":"Elementary","District":"Palauig","SchoolID":106903,"School":"Alwa ES"},
{"Level":"Elementary","District":"Palauig","SchoolID":160505,"School":"Anthony Arana Guatlo ES"},
{"Level":"Elementary","District":"Palauig","SchoolID":106904,"School":"Bato ES"},
{"Level":"Elementary","District":"Palauig","SchoolID":106905,"School":"Bulawen ES"},
{"Level":"Elementary","District":"Palauig","SchoolID":106906,"School":"Cauyan ES"},
{"Level":"Elementary","District":"Palauig","SchoolID":106907,"School":"Dampay ES"},
{"Level":"Elementary","District":"Palauig","SchoolID":106908,"School":"Dapla ES"},
{"Level":"Elementary","District":"Palauig","SchoolID":106909,"School":"Emiliano M. Aragon Mem. ES"},
{"Level":"Elementary","District":"Palauig","SchoolID":106910,"School":"Liozon ES"},
{"Level":"Elementary","District":"Palauig","SchoolID":106911,"School":"Lipay ES"},
{"Level":"Elementary","District":"Palauig","SchoolID":106912,"School":"Locloc ES"},
{"Level":"Elementary","District":"Palauig","SchoolID":106913,"School":"Luan ES"},
{"Level":"Elementary","District":"Palauig","SchoolID":106914,"School":"Magalawa ES"},
{"Level":"Elementary","District":"Palauig","SchoolID":106915,"School":"Manggahan ES"},
{"Level":"Elementary","District":"Palauig","SchoolID":106916,"School":"Palauig Central"},
{"Level":"Elementary","District":"Palauig","SchoolID":106917,"School":"Pangolingan ES"},
{"Level":"Elementary","District":"Palauig","SchoolID":106919,"School":"San Vicente ES"},
{"Level":"Elementary","District":"Palauig","SchoolID":106918,"School":"Zacarias L. Antiller ES"},
{"Level":"Elementary","District":"Masinloc","SchoolID":106885,"School":"Bamban ES"},
{"Level":"Elementary","District":"Masinloc","SchoolID":106886,"School":"Bani ES"},
{"Level":"Elementary","District":"Masinloc","SchoolID":106887,"School":"Bani Relocation ES"},
{"Level":"Elementary","District":"Masinloc","SchoolID":106888,"School":"Bunga ES"},
{"Level":"Elementary","District":"Masinloc","SchoolID":106889,"School":"Collat ES"},
{"Level":"Elementary","District":"Masinloc","SchoolID":106890,"School":"Coto ES"},
{"Level":"Elementary","District":"Masinloc","SchoolID":106884,"School":"Felipe E. Estella ES (Baloganon ES)"},
{"Level":"Elementary","District":"Masinloc","SchoolID":106891,"School":"Inhobol ES"},
{"Level":"Elementary","District":"Masinloc","SchoolID":106892,"School":"Mandaloy ES"},
{"Level":"Elementary","District":"Masinloc","SchoolID":106893,"School":"Masinloc Central"},
{"Level":"Elementary","District":"Masinloc","SchoolID":106894,"School":"Panglit ES"},
{"Level":"Elementary","District":"Masinloc","SchoolID":106895,"School":"San Lorenzo ES"},
{"Level":"Elementary","District":"Masinloc","SchoolID":106896,"School":"San Salvador IS"},
{"Level":"Elementary","District":"Masinloc","SchoolID":106897,"School":"Sta. Rita ES"},
{"Level":"Elementary","District":"Masinloc","SchoolID":106898,"School":"Sto. Rosario ES"},
{"Level":"Elementary","District":"Masinloc","SchoolID":106899,"School":"Taltal ES"},
{"Level":"Elementary","District":"Masinloc","SchoolID":106900,"School":"Tapuac ES"},
{"Level":"Elementary","District":"Masinloc","SchoolID":106901,"School":"Ubat ES"},
{"Level":"Elementary","District":"Candelaria","SchoolID":106839,"School":"Babancal ES"},
{"Level":"Elementary","District":"Candelaria","SchoolID":106840,"School":"Binabalian ES"},
{"Level":"Elementary","District":"Candelaria","SchoolID":106841,"School":"Candelaria Central School"},
{"Level":"Elementary","District":"Candelaria","SchoolID":106842,"School":"Catol ES"},
{"Level":"Elementary","District":"Candelaria","SchoolID":106843,"School":"Dampay ES"},
{"Level":"Elementary","District":"Candelaria","SchoolID":106844,"School":"Lauis ES"},
{"Level":"Elementary","District":"Candelaria","SchoolID":106845,"School":"Libertador ES"},
{"Level":"Elementary","District":"Candelaria","SchoolID":106846,"School":"Malimanga ES"},
{"Level":"Elementary","District":"Candelaria","SchoolID":106847,"School":"Pamibian IS"},
{"Level":"Elementary","District":"Candelaria","SchoolID":106848,"School":"Pinagrealan ES"},
{"Level":"Elementary","District":"Candelaria","SchoolID":106849,"School":"San Roque ES"},
{"Level":"Elementary","District":"Candelaria","SchoolID":160522,"School":"San Roque ES Annex"},
{"Level":"Elementary","District":"Candelaria","SchoolID":106850,"School":"Sinabacan ES"},
{"Level":"Elementary","District":"Candelaria","SchoolID":106851,"School":"Taposo ES"},
{"Level":"Elementary","District":"Candelaria","SchoolID":106852,"School":"Uacon IS"},
{"Level":"Elementary","District":"Candelaria","SchoolID":106853,"School":"Yamot ES"},
{"Level":"Elementary","District":"Sta. Cruz North","SchoolID":106974,"School":"Almasin ES"},
{"Level":"Elementary","District":"Sta. Cruz North","SchoolID":106975,"School":"Babuyan ES"},
{"Level":"Elementary","District":"Sta. Cruz North","SchoolID":106976,"School":"Bangcol ES"},
{"Level":"Elementary","District":"Sta. Cruz North","SchoolID":106977,"School":"Bulawon ES"},
{"Level":"Elementary","District":"Sta. Cruz North","SchoolID":106978,"School":"Canaynayan ES"},
{"Level":"Elementary","District":"Sta. Cruz North","SchoolID":106979,"School":"Don Marcelo C. Marty ES"},
{"Level":"Elementary","District":"Sta. Cruz North","SchoolID":106980,"School":"Gama ES"},
{"Level":"Elementary","District":"Sta. Cruz North","SchoolID":106981,"School":"Guinabon ES"},
{"Level":"Elementary","District":"Sta. Cruz North","SchoolID":106982,"School":"Guisguis ES"},
{"Level":"Elementary","District":"Sta. Cruz North","SchoolID":106983,"School":"Malabago ES"},
{"Level":"Elementary","District":"Sta. Cruz North","SchoolID":106984,"School":"Pagatpat ES"},
{"Level":"Elementary","District":"Sta. Cruz North","SchoolID":106985,"School":"Pamonoran ES"},
{"Level":"Elementary","District":"Sta. Cruz North","SchoolID":106986,"School":"Sta. Cruz North CS"},
{"Level":"Elementary","District":"Sta. Cruz North","SchoolID":106987,"School":"Tabalong ES"},
{"Level":"Elementary","District":"Sta. Cruz South","SchoolID":106988,"School":"Acoje ES"},
{"Level":"Elementary","District":"Sta. Cruz South","SchoolID":106989,"School":"Bayto ES (Biay ES)"},
{"Level":"Elementary","District":"Sta. Cruz South","SchoolID":106990,"School":"Bolitoc ES MAIN"},
{"Level":"Elementary","District":"Sta. Cruz South","SchoolID":106991,"School":"Bolitoc ES - Annex"},
{"Level":"Elementary","District":"Sta. Cruz South","SchoolID":106992,"School":"Don Brigido Miraflor ES"},
{"Level":"Elementary","District":"Sta. Cruz South","SchoolID":106993,"School":"Lucapon South ES"},
{"Level":"Elementary","District":"Sta. Cruz South","SchoolID":106994,"School":"Lupa ES"},
{"Level":"Elementary","District":"Sta. Cruz South","SchoolID":160512,"School":"Mapalad ES"},
{"Level":"Elementary","District":"Sta. Cruz South","SchoolID":106995,"School":"Naulo ES"},
{"Level":"Elementary","District":"Sta. Cruz South","SchoolID":106996,"School":"Pecson Mem. ES"},
{"Level":"Elementary","District":"Sta. Cruz South","SchoolID":106997,"School":"Sabang ES"},
{"Level":"Elementary","District":"Sta. Cruz South","SchoolID":106998,"School":"San Fernando ES"},
{"Level":"Elementary","District":"Sta. Cruz South","SchoolID":106999,"School":"Sta. Cruz South CS"},
{"Level":"Elementary","District":"Sta. Cruz South","SchoolID":107000,"School":"Tubotubo ES"},
{"Level":"Secondary","District":"Subic","SchoolID":301013,"School":"Agusuhin IS"},
{"Level":"Secondary","District":"Subic","SchoolID":307126,"School":"Subic NHS Annex VI-Aningway-Sacatihan HS"},
{"Level":"Secondary","District":"Subic","SchoolID":307109,"School":"Batiawan-I Integrated School"},
{"Level":"Secondary","District":"Subic","SchoolID":307110,"School":"Batiawan Integrated School Annex"},
{"Level":"Secondary","District":"Subic","SchoolID":307129,"School":"Cabitaugan IS"},
{"Level":"Secondary","District":"Subic","SchoolID":307111,"School":"Josephine F. Khonghun Special Education Center"},
{"Level":"Secondary","District":"Subic","SchoolID":307119,"School":"Cawag Resettlement Annex III - Kinabuksan HS"},
{"Level":"Secondary","District":"Subic","SchoolID":307127,"School":"Naugsol IS"},
{"Level":"Secondary","District":"Subic","SchoolID":307128,"School":"Pamatawan IS"},
{"Level":"Secondary","District":"Subic","SchoolID":301012,"School":"Cawag HS (Resettlement School)"},
{"Level":"Secondary","District":"Subic","SchoolID":307112,"School":"Nagyantok HS"},
{"Level":"Secondary","District":"Subic","SchoolID":301036,"School":"Subic National High School"},
{"Level":"Secondary","District":"Subic","SchoolID":307108,"School":"Subic NHS Annex I-Sto Tomas HS"},
{"Level":"Secondary","District":"Subic","SchoolID":307124,"School":"Subic NHS Annex IV - San Isidro HS"},
{"Level":"Secondary","District":"Subic","SchoolID":307125,"School":"Subic NHS Annex V-Ilwas HS"},
{"Level":"Secondary","District":"Castillejos","SchoolID":307132,"School":"Hanjin Integrated School"},
{"Level":"Secondary","District":"Castillejos","SchoolID":301015,"School":"Castillejos National High School"},
{"Level":"Secondary","District":"Castillejos","SchoolID":301016,"School":"Castillejos Resettlement HS"},
{"Level":"Secondary","District":"Castillejos","SchoolID":307106,"School":"JesMag TechVoc HS"},
{"Level":"Secondary","District":"Castillejos","SchoolID":307118,"School":"San Agustin HS"},
{"Level":"Secondary","District":"San Marcelino","SchoolID":301031,"School":"Buhawen National High School"},
{"Level":"Secondary","District":"San Marcelino","SchoolID":301029,"School":"San Guillermo NHS"},
{"Level":"Secondary","District":"San Marcelino","SchoolID":301030,"School":"San Marcelino HS"},
{"Level":"Secondary","District":"San Marcelino","SchoolID":307122,"School":"San Rafael HS"},
{"Level":"Secondary","District":"San Marcelino","SchoolID":301035,"School":"Sta. Fe NHS"},
{"Level":"Secondary","District":"San Antonio","SchoolID":307123,"School":"Angel C. Manglicmot HS"},
{"Level":"Secondary","District":"San Antonio","SchoolID":307107,"School":"San Antonio National High School"},
{"Level":"Secondary","District":"San Antonio","SchoolID":301032,"School":"San Miguel NHS"},
{"Level":"Secondary","District":"San Antonio","SchoolID":307117,"School":"Pundakit High School"},
{"Level":"Secondary","District":"San Narciso","SchoolID":301017,"School":"La Paz NHS"},
{"Level":"Secondary","District":"San Narciso","SchoolID":301023,"School":"Namatacan NHS"},
{"Level":"Secondary","District":"San Felipe","SchoolID":307121,"School":"Don Getulio F. Arendaeng HS"},
{"Level":"Secondary","District":"San Felipe","SchoolID":301021,"School":"Gov Manuel Barretto National High School"},
{"Level":"Secondary","District":"San Felipe","SchoolID":301018,"School":"Paite-Balincaguing National High School"},
{"Level":"Secondary","District":"San Felipe","SchoolID":307113,"School":"Sagpat HS"},
{"Level":"Secondary","District":"San Felipe","SchoolID":307104,"School":"San Rafael Technical Vocational High School"},
{"Level":"Secondary","District":"Cabangan","SchoolID":301010,"School":"Cabangan National High School"},
{"Level":"Secondary","District":"Botolan South","SchoolID":307134,"School":"Dojoc Balite Integrated School"},
{"Level":"Secondary","District":"Botolan South","SchoolID":301009,"School":"Beneg NHS"},
{"Level":"Secondary","District":"Botolan South","SchoolID":301025,"School":"Botolan National High School"},
{"Level":"Secondary","District":"Botolan South","SchoolID":301020,"School":"Loob Bunga HS (Resettlement School)"},
{"Level":"Secondary","District":"Botolan South","SchoolID":301026,"School":"New Taugtog National High School"},
{"Level":"Secondary","District":"Botolan South","SchoolID":307131,"School":"Lakas HS"},
{"Level":"Secondary","District":"Botolan South","SchoolID":301024,"School":"Panan NHS"},
{"Level":"Secondary","District":"Botolan South","SchoolID":301008,"School":"Baquilan Resettlement High School"},
{"Level":"Secondary","District":"Iba","SchoolID":307133,"School":"San Agustin IS"},
{"Level":"Secondary","District":"Iba","SchoolID":301004,"School":"Amungan NHS"},
{"Level":"Secondary","District":"Iba","SchoolID":301037,"School":"Zambales National High School"},
{"Level":"Secondary","District":"Iba","SchoolID":307101,"School":"Zambales NHS - Jesus F. Magsaysay HS Annex"},
{"Level":"Secondary","District":"Palauig","SchoolID":301028,"School":"Locloc National High School"},
{"Level":"Secondary","District":"Palauig","SchoolID":301027,"School":"Rofulo M. Landa HS (Salaza NHS)"},
{"Level":"Secondary","District":"Masinloc","SchoolID":301005,"School":"Bani NHS Main"},
{"Level":"Secondary","District":"Masinloc","SchoolID":301006,"School":"Bani NHS - Annex/ Taltal National High School"},
{"Level":"Secondary","District":"Masinloc","SchoolID":301007,"School":"BANI NHS - Coto Annex"},
{"Level":"Secondary","District":"Masinloc","SchoolID":307103,"School":"San Salvador HS"},
{"Level":"Secondary","District":"Masinloc","SchoolID":null,"School":"Sto. Rosario IS"},
{"Level":"Secondary","District":"Masinloc","SchoolID":106900,"School":"Tapuac ES"},
{"Level":"Secondary","District":"Candelaria","SchoolID":307120,"School":"Pamibian IS"},
{"Level":"Secondary","District":"Candelaria","SchoolID":307130,"School":"Uacon IS"},
{"Level":"Secondary","District":"Candelaria","SchoolID":301011,"School":"Candelaria School of Fisheries"},
{"Level":"Secondary","District":"Candelaria","SchoolID":301019,"School":"Lauis National High School"},
{"Level":"Secondary","District":"Sta. Cruz","SchoolID":301014,"School":"Guisguis NHS"},
{"Level":"Secondary","District":"Sta. Cruz","SchoolID":301022,"School":"Mena Mem. NHS (Bolitoc NHS)"},
{"Level":"Secondary","District":"Sta. Cruz","SchoolID":307115,"School":"Mena Mem. NHS - San Fernando HS"},
{"Level":"Secondary","District":"Sta. Cruz","SchoolID":301033,"School":"Sta. Cruz NHS- Main"},
{"Level":"Secondary","District":"Sta. Cruz","SchoolID":307102,"School":"Sta. Cruz NHS - Jesus F. Magsaysay HS Annex"},
{"Level":"Secondary","District":"Sta. Cruz","SchoolID":301003,"School":"Acoje NHS"},
{"Level":"Secondary","District":"Sta. Cruz","SchoolID":301034,"School":"Sta. Cruz NHS - Lipay HS"},
{"Level":"Secondary","District":"Sta. Cruz","SchoolID":307116,"School":"Sta. Cruz NHS - Don Marcelo C. Marty HS"},
{"Level":"Secondary","District":"Sta. Cruz","SchoolID":307114,"School":"Sta. Cruz South HS"}]